Date,Austria,Belgium,Denmark,Finland,France,Germany,Greece,Italy,Netherlands,Norway,Portugal,Russia,SouthAfrica,Spain,Sweden,Switzerland,Turkey,UnitedKingdom,Australia,China,HongKong_China,India,Indonesia,Japan,Malaysia,NewZealand,Philippines,KoreaSouth,Singapore,Thailand,Brazil,Canada,Mexico,UnitedStates
2020-02-01,,,,,,,,,,,,,,,,,,,,,,39735.53,,,,,,,,,,,,
2020-02-02,,,,,,,,,,,,,,,,,,,,,,,,,,,,,,,,,,
2020-02-03,3056.63,3929.27,1176.74,10096.55,5832.51,13045.19,903.47,23460.01,592.36,1011.4,5225.04,1521.16,55828.49,9404.7,688.72,10664.95,1192.43,7326.31,6923.3,2746.61,26356.98,39872.31,5884.17,22971.94,1521.95,11550.16,7137.03,2118.88,3116.31,1496.06,114629.21,17379.76,,28399.81
2020-02-04,3083.67,4039.92,1191.86,10246.81,5935.05,13281.74,916.75,23844.85,605.4,1014.86,5264.14,1547.19,56817.03,9562.9,703.46,10800.64,1221.36,7439.82,6948.7,2783.29,26675.98,40789.38,5922.34,23084.59,1535.8,11511.49,7226.9,2157.9,3156.57,1519.38,115556.71,17512.73,45047.07,28807.63
2020-02-05,3124.47,4103.04,1227.44,10404.82,5985.4,13478.33,920.99,24236.63,613.41,1030.95,5302.88,1560.48,57426.2,9717.8,712.27,10994.15,1223.21,7482.48,6976.1,2818.09,26786.74,41142.66,5978.51,23319.56,1536.79,11604.08,7352.85,2165.63,3200.13,1534.14,116028.27,17651.59,44782.86,29290.85
2020-02-06,3142.59,4140.23,1238.96,10521.85,6038.18,13574.82,921.45,24490.35,618.75,1032.96,5287.35,1539.42,57531.49,9811.3,711.14,11012.36,1222.84,7504.79,7049.2,2866.51,27493.7,41306.03,5987.15,23873.59,1552.77,,7506.51,2227.94,3231.55,1535.79,115189.97,17757.49,44493.15,29379.77
2020-02-07,3146.91,4095.2,1232.47,10620.35,6029.75,13513.81,910.91,24478.32,616.46,1013.67,5289.93,1518.23,57276.49,9811.0,708.6,11001.53,1210.15,7466.7,7022.6,2875.96,27404.27,41141.85,5999.61,23827.98,1554.49,11760.88,7507.2,2211.95,3181.48,1535.24,113770.29,17655.49,44399.33,29102.51
2020-02-08,,,,,,,,,,,,,,,,,,,,,,,,,,,,,,,,,,
2020-02-09,,,,,,,,,,,,,,,,,,,,,,,,,,,,,,,,,,
2020-02-10,3119.1,4101.8,1227.63,10608.73,6015.67,13494.03,902.98,24507.7,617.1,1002.31,5282.06,1503.95,56847.74,9816.0,711.51,11039.78,1183.42,7446.88,7012.5,2890.49,27241.34,40979.62,5952.08,23685.98,1542.8,11702.59,7430.86,2201.07,3163.15,,112570.3,17740.57,44290.53,29276.82
2020-02-11,3181.44,4152.3,1240.89,10738.23,6054.76,13627.84,917.0,24688.89,623.85,1017.38,5339.48,1539.56,56981.2,9882.6,721.81,11101.17,1197.98,7499.44,7055.3,2901.67,27583.88,41216.14,5954.4,,1551.48,11834.54,7439.4,2223.12,3175.57,1523.93,115370.61,17777.11,45027.41,29276.34
2020-02-12,3204.79,4184.27,1237.21,10685.71,6104.73,13749.78,917.56,24861.28,629.03,1023.76,5314.94,1557.44,57744.13,9940.4,724.66,11089.24,1200.49,7534.37,7088.2,2926.9,27823.66,41565.9,5913.08,23861.21,1542.94,11898.24,7383.1,2238.38,3223.37,1539.84,116674.13,17832.85,45338.37,29551.42
2020-02-13,3195.5,4182.78,1234.64,10659.41,6093.14,13745.43,920.24,24892.15,629.14,1017.99,5331.96,1543.5,57835.69,9909.8,725.35,11092.35,1205.41,7452.03,7103.2,2906.07,27730.0,41459.79,5871.95,23827.73,1539.16,11880.84,7403.12,2232.96,3220.09,1532.77,115662.4,17821.17,45005.12,29423.31
2020-02-14,3212.48,4185.44,1245.0,10669.29,6069.35,13744.21,922.3,24867.01,629.23,1020.42,5328.34,1534.89,57861.76,9956.8,727.74,11128.81,1201.51,7409.13,7130.2,2917.01,27815.6,41257.74,5866.94,23687.59,1544.46,11834.83,7282.0,2243.59,3220.03,1526.3,114380.71,17848.36,44999.68,29398.08
2020-02-15,,,,,,,,,,,,,,,,,,,,,,,,,,,,,,,,,,
2020-02-16,,,,,,,,,,,,,,,,,,,,,,,,,,,,,,,,,,
2020-02-17,3210.1,4198.31,1246.22,10618.53,6085.95,13783.89,919.77,25120.54,629.17,1019.48,5397.46,1543.25,58187.96,10022.16,729.45,11168.45,1207.92,7433.25,7125.1,2983.62,27959.6,41055.69,5867.52,23523.24,1537.12,11873.98,7326.85,2242.17,3213.0,1527.25,115309.08,,44999.68,
2020-02-18,3178.62,4164.5,1255.64,10468.63,6056.82,13681.19,911.82,25223.51,625.43,1017.89,5389.13,1515.54,57714.66,10005.75,724.08,11146.28,1195.74,7382.01,7113.7,2984.97,27530.2,40894.38,5886.96,23193.8,1537.08,11935.84,7322.89,2208.88,3196.63,1513.68,114977.29,17858.34,44974.11,29232.19
2020-02-19,3198.33,4139.26,1265.84,10570.82,6111.24,13789.0,916.8,25477.55,629.2,1026.36,5435.85,1542.08,57940.97,10083.59,732.67,11263.01,1191.96,7457.02,7144.6,2975.4,27655.81,41323.0,5928.79,23400.7,1534.16,11981.03,7396.94,2210.34,3213.71,1505.54,116517.59,17925.36,44901.5,29348.03
2020-02-20,3173.84,4119.04,1262.78,10520.5,6062.3,13664.0,913.08,25080.16,622.12,1033.19,5411.21,1535.81,57793.03,9930.99,732.16,11154.53,1156.42,7436.64,7162.5,3030.15,27609.16,41170.12,5942.49,23479.15,1534.98,12064.86,7413.0,2195.5,3198.68,1491.24,114586.24,17944.06,44774.54,29219.98
2020-02-21,3149.39,4078.44,1251.95,10487.95,6029.72,13579.33,893.03,24773.15,617.33,1026.2,5387.0,1524.71,57336.21,9886.2,725.62,11110.78,1168.29,7403.92,7139.0,3039.67,27308.81,,5882.26,23386.74,1531.2,12073.34,7369.78,2162.84,3181.03,1495.09,113681.42,17843.53,44802.54,28992.41
2020-02-22,,,,,,,,,,,,,,,,,,,,,,,,,,,,,,,,,,
2020-02-23,,,,,,,,,,,,,,,,,,,,,,,,,,,,,,,,,,
2020-02-24,3040.23,3917.64,1207.04,10126.48,5791.87,13035.24,818.35,23427.19,593.3,982.68,5197.09,,54881.56,9483.45,694.81,10712.84,1147.89,7156.83,6978.3,3031.23,26820.88,40363.23,5807.05,,1490.06,11857.12,7187.44,2079.04,3142.2,1435.56,,17562.74,43818.07,27960.8
2020-02-25,2970.26,3828.4,1188.16,9939.04,5679.68,12790.49,833.81,23090.44,582.71,980.57,5078.36,1446.11,54809.51,9250.78,683.27,10478.51,1143.65,7017.88,6866.6,3013.05,26893.23,40281.2,5787.14,22605.41,1500.88,11719.23,,2103.61,3158.24,1439.1,,17177.37,43045.68,27081.36
2020-02-26,2959.84,3830.34,1187.11,10011.72,5684.55,12774.88,811.34,23422.54,581.78,972.48,5110.34,1461.22,55047.2,9316.77,687.01,10512.15,1151.71,7042.47,6708.1,2987.93,26696.49,39888.96,5688.92,22426.19,1495.19,11533.86,6909.84,2076.77,3117.52,1366.41,105718.29,17041.92,42737.28,26957.59
2020-02-27,2845.94,3639.51,1157.51,9733.56,5495.6,12367.46,768.83,22799.37,559.98,926.09,4952.15,1386.2,53444.83,8985.88,661.57,10205.46,1104.18,6796.4,6657.9,2991.33,26778.62,39745.66,5535.69,21948.23,1505.59,11437.17,6967.84,2054.89,3111.7,1395.08,102983.54,16717.51,41607.42,25766.64
2020-02-28,2787.39,3488.6,1124.07,9447.44,5309.9,11890.35,720.35,21984.21,539.38,912.79,4765.73,1299.69,51038.18,8723.22,640.58,9831.03,1059.94,6580.61,6441.2,2880.3,26129.93,38297.29,5452.7,21142.96,1482.64,11261.16,6787.91,1987.01,3011.08,1340.52,104171.57,16263.05,41324.31,25409.36
2020-02-29,,,,,,,,,,,,,,,,,,,,,,,,,,,,,,,,,,
2020-03-01,,,,,,,,,,,,,,,,,,,,,,,,,,,,,,,,,,
2020-03-02,2778.68,3523.24,1137.93,9497.12,5333.52,11857.87,,21655.09,542.17,919.03,4816.12,1303.47,51840.09,8741.46,643.62,9950.83,1073.1,6654.89,6391.5,2970.93,26291.68,38144.02,5361.25,21344.08,1466.94,11103.43,6749.28,2002.51,3007.72,1335.72,106625.41,16553.26,42167.24,26703.32
2020-03-03,2809.58,3575.13,1174.03,9612.74,5393.17,11985.39,766.32,21748.2,550.22,947.25,4890.02,1358.03,52957.85,8811.65,653.85,10087.4,1112.07,6718.2,6435.7,2992.9,26284.82,38623.7,5518.63,21082.73,1478.64,11346.31,6790.54,2014.15,3019.56,1375.02,105537.14,16423.62,42472.25,25917.41
2020-03-04,2798.52,3597.98,1185.43,9650.39,5464.89,12127.69,770.54,21946.03,557.73,947.11,4967.93,1348.19,52926.75,8910.04,657.52,10251.39,1107.85,6815.59,6325.4,3011.67,26222.07,38409.48,5650.14,21100.06,1489.95,11417.78,6867.26,2059.33,3025.03,1378.61,107224.22,16779.53,43404.76,27090.86
2020-03-05,2720.96,3544.83,1176.41,9488.71,5361.1,11944.72,728.17,21554.88,552.54,926.39,4858.8,1323.82,52936.27,8682.97,650.47,10143.57,1118.15,6705.43,6395.7,3071.68,26767.87,38470.61,5638.13,21329.12,1491.03,11640.89,6884.77,2085.26,3018.27,1390.83,102233.24,16553.99,42344.86,26121.28
2020-03-06,2615.56,3435.09,1141.62,9156.42,5139.11,11541.87,684.74,20799.89,531.29,884.87,4671.5,1257.96,52064.72,8375.56,629.23,9736.82,1096.01,6462.55,6216.2,3034.51,26146.67,37576.62,5498.54,20749.75,1483.1,11425.9,6770.38,2040.22,2960.98,1364.57,97996.77,16175.02,41388.78,25864.78
2020-03-07,,,,,,,,,,,,,,,,,,,,,,,,,,,,,,,,,,
2020-03-08,,,,,,,,,,,,,,,,,,,,,,,,,,,,,,,,,,
2020-03-09,2379.93,3174.81,1085.6,8484.03,4707.91,10625.02,593.07,18475.91,490.66,802.01,4266.88,,48819.55,7708.7,594.75,9196.6,1035.24,5965.77,5760.6,2943.29,25040.46,35634.95,5136.81,19698.76,1424.16,11091.81,6312.61,1954.77,2782.37,1255.94,86067.2,14514.24,38730.56,23851.02
2020-03-10,2361.41,3155.6,1069.75,8362.17,4636.61,10475.49,628.25,17870.18,484.7,803.73,4237.23,1094.18,49466.01,7461.46,589.7,9195.93,1010.63,5960.23,5939.6,2996.76,25392.51,,5220.83,19867.12,1430.47,10897.47,6318.38,1962.93,2832.54,1271.25,92214.47,14958.09,39565.44,25018.16
2020-03-11,2305.95,3148.41,1050.54,8279.59,4610.25,10438.68,602.48,17928.64,484.16,775.3,4217.44,1086.18,49074.09,7436.35,577.91,9152.5,1009.66,5876.52,5725.9,2968.52,25231.61,35697.4,5154.1,19416.06,1443.83,10873.6,6353.26,1908.27,2783.72,1249.89,85171.13,14270.09,38678.55,23553.22
2020-03-12,1991.22,2701.0,971.51,7432.91,4044.26,9161.13,538.55,14894.44,432.1,705.01,3805.92,966.4,44303.47,6390.86,513.56,8270.44,936.39,5237.48,5304.6,2923.49,24309.07,32778.14,4895.75,18559.63,1419.43,10333.27,5736.27,1834.33,2678.64,1114.91,72582.53,12508.45,36636.7,21200.62
2020-03-13,2000.76,2732.8,979.67,7323.16,4118.36,9232.08,551.97,15954.29,432.85,730.99,3837.38,991.69,44177.63,6629.59,521.32,8367.56,956.05,5366.11,5539.3,2887.43,24032.91,34103.48,4907.57,17431.05,1344.75,9826.86,5793.94,1771.44,2634.0,1128.91,82677.91,13716.33,38085.05,23185.62
2020-03-14,,,,,,,,,,,,,,,,,,,,,,,,,,,,,,,,,,
2020-03-15,,,,,,,,,,,,,,,,,,,,,,,,,,,,,,,,,,
2020-03-16,1791.42,2535.58,964.47,6928.52,3881.46,8742.25,484.4,14980.34,416.77,691.05,3670.03,966.93,40500.23,6107.24,496.69,8227.08,878.88,5151.08,5002.0,2789.25,23063.57,31390.07,4690.66,17002.04,1280.63,9476.94,5335.37,1714.86,2495.77,1046.08,71168.05,12360.4,,20188.52
2020-03-17,1768.57,2528.77,978.98,7019.53,3991.78,8939.1,491.94,15314.77,424.26,699.06,3834.87,934.66,41579.58,6498.53,505.7,8493.04,867.78,5294.9,5293.4,2779.64,23263.73,30579.09,4456.75,17011.53,1256.58,9434.42,,1672.44,2454.53,1035.17,74617.24,12685.21,36862.84,21237.38
2020-03-18,1630.84,2576.21,956.89,6833.0,3754.84,8441.71,487.35,15120.48,404.1,687.04,3641.8,832.26,38604.88,6274.77,489.07,8338.74,855.77,5080.58,4953.2,2728.76,22291.82,28869.51,4330.67,16726.55,1239.01,9454.89,,1591.2,2425.62,1048.15,66894.95,11721.42,35532.74,19898.92
2020-03-19,1705.9,2636.02,965.86,7062.91,3855.5,8610.43,525.29,15466.97,422.75,718.78,3596.08,902.63,37963.01,6395.83,505.54,8782.24,851.95,5151.61,4782.9,2702.13,21709.13,28288.23,4105.42,16552.83,1219.72,9205.84,4623.42,1457.64,2311.0,1044.19,68331.8,12170.52,35143.63,20087.19
2020-03-20,1889.19,2771.49,972.81,7137.01,4048.8,8928.95,555.13,15731.85,431.98,725.06,3670.0,924.22,40272.0,6443.31,505.08,8623.86,857.96,5190.78,4816.6,2745.62,22805.07,29915.96,4194.94,,1303.28,9196.42,4778.76,1566.15,2410.74,1127.24,67069.36,11851.81,34269.51,19173.98
2020-03-21,,,,,,,,,,,,,,,,,,,,,,,,,,,,,,,,,,
2020-03-22,,,,,,,,,,,,,,,,,,,,,,,,,,,,,,,,,,
2020-03-23,1880.82,2664.1,939.76,6841.78,3914.31,8741.15,513.07,15559.8,423.72,688.78,3600.0,883.78,38267.21,6230.2,478.95,8160.79,842.46,4993.89,4546.0,2660.17,21696.13,25981.24,3989.52,16887.78,1259.88,8498.7,,1482.46,2233.48,1024.46,63569.62,11228.49,32964.22,18591.93
2020-03-24,2034.3,2867.59,969.53,7278.83,4242.7,9700.57,552.45,16948.6,461.73,730.22,3881.64,965.32,41149.35,6717.3,513.75,8733.32,892.86,5446.01,4735.7,2722.44,22663.49,26674.03,,18092.35,1291.14,9109.15,4774.27,1609.97,2362.05,1033.84,69729.3,12571.08,34565.71,20704.91
2020-03-25,2017.93,2919.65,993.08,7597.21,4432.3,9874.26,,17243.68,475.4,745.8,3955.62,981.69,43278.25,6942.4,535.84,8989.16,890.63,5688.2,4998.1,2781.59,23527.19,28535.78,,19546.63,1324.5,9264.38,5027.76,1704.76,2505.47,1080.03,74955.57,13139.23,35536.7,21200.55
2020-03-26,2056.49,3004.43,1027.87,7748.14,4543.58,10000.96,573.35,17369.38,482.99,754.81,4013.65,1017.03,45046.35,7033.24,546.41,9203.98,915.28,5815.73,5113.3,2764.91,23352.34,29946.77,4338.9,18664.6,1328.09,9632.47,5401.58,1686.24,2487.56,1091.96,77709.66,13371.17,35706.57,22552.17
2020-03-27,1997.8,2862.79,1019.6,7501.61,4351.49,9632.52,550.85,16822.59,464.93,727.88,3942.86,955.34,42946.83,6777.9,529.96,8996.37,881.25,5510.33,4842.4,2772.2,23484.28,29815.59,4545.57,19389.43,1343.09,9556.73,5266.62,1717.73,2528.76,1099.76,73428.78,12687.74,33799.49,21636.78
2020-03-28,,,,,,,,,,,,,,,,,,,,,,,,,,,,,,,,,,
2020-03-29,,,,,,,,,,,,,,,,,,,,,,,,,,,,,,,,,,
2020-03-30,1989.72,2826.94,1055.97,7513.34,4378.51,9815.97,558.7,16872.41,475.98,749.96,3983.24,958.54,43413.63,6659.9,540.78,9174.39,880.59,5563.74,5181.4,2747.21,23175.11,28440.32,4414.5,19084.97,1328.88,9661.19,5131.16,1717.12,2416.24,1087.82,74639.48,13038.5,34199.97,22327.48
2020-03-31,2001.6,2901.58,1073.74,7859.79,4396.12,9935.84,558.3,17050.94,483.44,778.31,4069.55,1014.44,44490.31,6785.4,555.6,9311.92,896.44,5671.96,5076.8,2750.3,23603.48,29468.49,4538.93,18917.01,1350.89,9796.75,5321.23,1754.64,2481.23,1125.86,73019.76,13378.75,34554.53,21917.16
2020-04-01,1946.19,2839.42,1074.05,7614.65,4207.24,9544.75,536.45,16544.97,471.3,791.31,3992.69,987.75,43732.44,6579.4,536.67,9168.98,890.85,5454.57,5258.6,2734.52,23085.79,28265.31,4466.04,18065.41,1322.66,9926.08,5408.52,1685.46,2440.27,1105.51,70966.7,12876.37,33691.88,20943.51
2020-04-02,1981.68,2895.4,1064.83,7673.69,4220.96,9570.82,541.44,16834.03,478.28,788.71,3993.57,1034.06,45060.69,6574.1,536.48,9270.96,895.11,5480.22,5154.3,2780.64,23280.06,,4531.69,17818.72,1330.9,9870.56,5342.31,1724.86,2453.03,1138.27,72253.46,13097.84,33590.62,21413.44
2020-04-03,1964.94,2857.05,1082.55,7593.53,4154.58,9525.77,540.74,16384.35,471.46,788.11,3972.71,1049.88,44598.7,6581.6,531.75,9242.44,895.53,5415.5,5067.5,2763.99,23236.11,27590.95,4623.43,17820.19,1330.65,9935.18,5346.97,1725.44,2389.29,1138.84,69537.56,12938.3,33075.41,21052.53
2020-04-04,,,,,,,,,,,,,,,,,,,,,,,,,,,,,,,,,,
2020-04-05,,,,,,,,,,,,,,,,,,,,,,,,,,,,,,,,,,
2020-04-06,2046.55,2969.8,1091.19,7783.25,4346.14,10075.17,586.46,17039.31,489.82,803.08,4018.62,1083.43,46240.35,6844.34,553.39,9462.34,920.71,5582.39,5286.8,,23749.12,,4811.83,18576.3,1341.69,9763.82,5570.81,1791.88,2470.59,,74072.98,13592.7,34381.56,22679.99
2020-04-07,2126.42,3033.57,1096.14,8033.47,4438.27,10356.7,607.73,17411.72,499.85,818.2,4069.46,1099.76,47496.72,7001.99,573.13,9514.6,923.82,5704.45,5252.3,2820.76,24253.29,30067.21,4778.64,18950.18,1369.92,9809.85,5650.01,1823.6,2571.89,1214.95,76358.09,13614.14,34526.31,22653.86
2020-04-08,2114.34,3055.32,1088.72,8009.67,4442.75,10332.89,609.09,17380.82,500.71,809.81,4071.37,1114.6,46689.9,6951.79,572.78,9432.39,932.25,5677.73,5206.9,2815.37,23970.37,29893.96,4626.69,19353.24,1361.39,10031.66,5510.83,1807.14,2539.44,1205.77,78624.62,13925.71,34567.78,23433.57
2020-04-09,2184.06,3092.39,1088.72,8103.05,4506.85,10564.74,607.29,17621.62,508.04,,4196.31,1155.49,48011.56,7070.6,574.44,9452.83,958.34,5842.66,5387.3,2825.9,24300.33,31159.62,4649.08,19345.77,1369.76,9963.9,,1836.21,2571.32,1210.48,77681.94,14166.63,,23719.37
2020-04-10,,,1088.72,8103.05,,,,,,,,1155.49,,,574.44,,964.71,5842.66,,2796.63,,,,19498.5,1357.5,,,1860.7,,1228.03,,,,
2020-04-11,,,,,,,,,,,,,,,,,,,,,,,,,,,,,,,,,,
2020-04-12,,,,,,,,,,,,,,,,,,,,,,,,,,,,,,,,,,
2020-04-13,,,1088.72,8103.05,,,,,,,,1124.97,48011.56,,574.44,,963.99,5842.66,,2783.05,,30690.02,4623.89,19043.4,1356.03,,5610.98,1825.76,2567.25,1236.78,78835.82,14075.94,34613.67,23390.77
2020-04-14,2172.34,3057.66,1110.11,8253.78,4523.91,10696.56,628.19,17558.43,507.74,828.21,4231.03,1133.23,49874.51,7108.57,586.92,9538.61,985.5,5791.31,5488.1,2827.28,24435.4,,4706.49,19638.81,1371.66,10159.02,5780.88,1857.08,2634.57,1256.35,79918.36,14258.43,34746.39,23949.76
2020-04-15,2048.04,2920.82,1102.68,7910.75,4353.72,10279.76,607.57,16719.07,491.13,805.47,4137.91,1046.88,48301.28,6839.5,565.54,9320.2,958.55,5597.65,5466.7,2811.17,24145.34,30379.81,4625.9,19550.09,1387.79,10409.94,5946.05,,2605.56,1236.1,78831.46,13958.58,33855.24,23504.35
2020-04-16,2006.75,2925.16,1120.88,7888.48,4350.16,10301.54,606.75,16768.14,496.08,793.56,4106.81,1066.91,48245.11,6763.4,563.59,9439.91,962.49,5628.43,5416.3,2819.93,24006.45,30602.61,4480.61,19290.2,1386.53,10473.19,5525.6,1857.07,2612.25,1200.15,77811.85,13899.32,33759.75,23537.68
2020-04-17,2070.07,3015.41,1144.82,8086.61,4499.01,10625.78,,17055.47,505.82,815.92,4172.21,1078.69,49134.65,6875.8,582.15,9612.83,981.8,5786.96,5487.5,2838.49,24380.0,31588.72,4634.82,19897.26,1407.34,10778.72,5789.97,1914.53,2614.6,1239.24,78990.29,14359.88,34743.1,24242.49
2020-04-18,,,,,,,,,,,,,,,,,,,,,,,,,,,,,,,,,,
2020-04-19,,,,,,,,,,,,,,,,,,,,,,,,,,,,,,,,,,
2020-04-20,2061.1,3021.85,1162.47,8078.9,4528.3,10675.9,,17064.14,512.76,809.11,4129.5,1068.32,48849.52,6831.5,585.25,9785.27,989.46,5812.83,5353.0,2852.55,24330.02,31648.0,4575.9,19669.12,1413.12,10762.67,5733.65,1898.36,2597.85,1266.4,78972.76,14388.28,34477.06,23650.44
2020-04-21,1994.63,2908.09,1154.18,7819.91,4357.46,10249.85,591.02,16450.85,495.76,792.84,4035.94,1012.15,47628.87,6634.9,570.08,9547.85,976.19,5641.03,5221.3,2827.01,23793.55,30636.71,4501.92,19280.78,1381.73,10535.87,5592.25,1879.38,2551.92,1252.92,,13940.06,33892.28,23018.88
2020-04-22,2039.23,2950.37,1158.18,8064.12,4411.8,10415.03,595.41,16765.28,509.62,807.62,4100.59,1066.01,48108.49,6719.8,580.73,9630.56,981.71,5770.63,5221.2,2843.98,23893.36,31379.55,4567.56,19137.95,1381.89,10417.67,5573.75,1896.15,2550.04,1261.81,80687.15,14288.16,34223.85,23475.82
2020-04-23,2108.81,3017.76,1174.49,8178.48,4451.0,10513.79,610.48,17011.11,512.73,820.05,4148.91,1099.67,49601.82,6746.5,587.87,9625.48,,5826.61,5217.1,2838.5,23977.32,31863.08,4593.55,19429.44,1381.64,10446.11,5599.55,1914.73,2542.37,1272.53,79673.3,14251.09,34240.6,23515.26
2020-04-24,2094.12,2942.98,1163.79,8110.05,4393.32,10336.09,606.41,16858.89,504.94,808.67,4112.48,1081.32,49527.23,6613.9,580.44,9625.65,987.59,5752.23,5242.6,2808.53,23831.33,31327.22,4496.06,19262.0,1369.85,10419.48,5464.98,1889.01,2518.16,1258.78,75330.61,14420.36,34586.82,23775.27
2020-04-25,,,,,,,,,,,,,,,,,,,,,,,,,,,,,,,,,,
2020-04-26,,,,,,,,,,,,,,,,,,,,,,,,,,,,,,,,,,
2020-04-27,2115.13,3036.44,1169.02,8194.34,4505.26,10659.99,626.16,17380.21,512.19,812.64,4136.58,1083.68,,6731.78,587.95,9758.82,1012.67,5846.79,5321.4,2815.49,24280.14,31743.08,4513.14,19783.22,1370.16,,5450.45,1922.77,2549.4,1267.41,78238.6,14642.11,34968.09,24133.78
2020-04-28,2164.62,3121.32,1179.54,8438.84,4569.79,10795.63,634.96,17677.15,519.97,826.08,4213.76,1109.6,50029.22,6836.44,596.33,9889.46,1007.07,5958.5,5313.1,2810.02,24575.96,32114.52,4529.55,19771.19,1372.2,10759.56,5574.98,1934.09,2562.95,1274.99,81312.23,14798.29,35830.81,24101.55
2020-04-29,2255.28,3196.12,1166.16,8740.05,4671.11,11107.74,641.94,18067.29,526.96,845.0,4310.88,1144.64,50857.25,7055.66,608.46,9865.32,1015.95,6115.25,5393.4,2822.44,24643.59,32720.16,4567.32,,1380.3,10666.19,5643.97,1947.56,2574.73,1282.68,83170.8,15228.11,36870.09,24633.86
2020-04-30,2227.15,3099.12,1167.16,8655.73,4572.18,10861.64,628.25,17690.49,512.92,848.52,4284.18,1125.03,50336.72,6922.3,601.86,9629.4,1011.1,5901.21,5522.4,2860.08,,33717.62,4716.4,20193.69,1407.78,10532.07,5700.71,,2624.23,1301.66,80505.89,14780.74,36470.11,24345.72
2020-05-01,,,1155.8,8655.73,,,,,,,,,50336.72,,601.86,,,5763.06,5245.9,,,,,19619.35,,10449.01,,,,,,14620.34,,23723.69
2020-05-02,,,,,,,,,,,,,,,,,,,,,,,,,,,,,,,,,,
2020-05-03,,,,,,,,,,,,,,,,,,,,,,,,,,,,,,,,,,
2020-05-04,2144.96,2952.22,1144.41,8346.87,4378.23,10466.8,602.36,17035.61,496.31,820.68,4186.69,1099.42,49186.59,6673.3,574.8,9390.27,988.42,5753.78,5319.8,,23613.8,31715.35,4605.49,,1376.59,10475.98,5572.09,1895.37,2563.69,,78876.22,14745.04,36370.43,23749.76
2020-05-05,2197.97,3006.29,1152.46,8436.22,4483.13,10729.46,610.39,17387.38,509.83,833.72,4222.02,1133.16,49184.16,6747.7,587.48,9512.17,987.38,5849.42,5407.1,,23868.66,31453.51,4630.13,,1389.55,10490.73,5671.67,,2572.36,1278.63,79470.78,14811.56,36616.06,23883.09
2020-05-06,2185.32,2998.46,1158.72,8411.02,4433.38,10606.2,600.67,17159.31,505.55,819.8,4185.1,1111.43,49831.99,6671.7,583.26,9571.7,985.71,5853.76,5384.6,2878.14,24137.48,31685.75,4608.79,,1376.93,10572.84,5639.27,1928.76,2591.6,,79063.68,14830.74,36986.2,23664.64
2020-05-07,2224.57,3052.55,1170.32,8547.53,4501.44,10759.27,602.47,17245.04,516.26,830.22,4220.85,1126.48,50019.7,6730.9,592.28,9617.98,983.99,5935.98,5364.2,2871.52,23980.63,31443.38,,19674.77,,10649.23,5653.16,1928.61,,1257.98,78118.57,14833.69,36792.41,23875.89
2020-05-08,2246.5,3058.66,1170.32,8610.1,4549.64,10904.48,604.05,17439.3,520.57,845.68,4238.4,1136.34,51003.58,6783.1,602.89,9665.35,978.45,,5391.1,2895.34,24230.17,31642.7,4597.43,20179.09,1382.31,10695.59,5621.94,1945.82,2591.88,1266.02,80263.35,14966.56,37623.68,24331.32
2020-05-09,,,,,,,,,,,,,,,,,,,,,,,,,,,,,,,,,,
2020-05-10,,,,,,,,,,,,,,,,,,,,,,,,,,,,,,,,,,
2020-05-11,2226.31,3060.0,1187.63,8586.62,4490.22,10824.99,596.34,17381.36,520.33,840.29,4209.83,,50202.85,6672.2,600.47,9689.71,977.92,5939.73,5461.2,2894.8,24602.06,31561.22,4639.1,20390.66,,10760.29,5667.93,1935.4,2611.31,1287.3,79064.6,15103.22,37631.89,24221.99
2020-05-12,2200.77,3067.8,1187.71,8649.05,4472.5,10819.5,596.65,17559.32,520.44,845.54,4152.15,1137.28,50319.41,6762.7,604.27,9733.53,996.16,5994.77,5403.0,2891.56,24245.68,31371.12,4588.73,20366.48,1379.93,10818.67,5651.67,1922.17,2587.81,1299.69,77871.95,14881.16,37462.89,23764.78
2020-05-13,2165.08,2973.77,1184.87,8443.03,4344.95,10542.66,590.84,17183.44,512.19,831.57,4077.15,1110.37,50152.05,6631.4,588.44,9631.62,1001.59,5904.05,5421.9,2898.05,24180.3,32008.61,4554.36,20267.05,1397.13,10788.03,5626.25,1940.42,2572.01,1294.55,77772.2,14503.21,36394.59,23247.97
2020-05-14,2115.97,2899.51,1174.33,8241.6,4273.13,10337.02,588.12,16867.76,499.03,808.84,3958.57,1102.98,49113.06,6545.6,570.87,9448.14,991.93,5741.54,5328.7,2870.34,23829.74,31122.89,4513.83,19914.78,1397.25,10745.16,5654.7,1924.96,2522.31,1280.4,79010.81,14509.66,36094.14,23625.34
2020-05-15,2130.85,2932.21,1177.76,8240.63,4277.63,10465.17,593.26,16852.35,500.31,827.75,3995.72,1107.49,49628.72,6474.9,577.91,9483.1,997.68,5799.77,5404.8,2868.46,23797.47,31097.73,4507.61,20037.47,1403.44,10730.68,5541.95,1927.28,2523.55,1280.76,77556.62,14638.9,35691.39,23685.42
2020-05-16,,,,,,,,,,,,,,,,,,,,,,,,,,,,,,,,,,
2020-05-17,,,,,,,,,,,,,,,,,,,,,,,,,,,,,,,,,,
2020-05-18,2209.29,3026.69,1198.88,8626.33,4498.34,11058.87,609.52,17401.45,519.89,849.1,4180.22,1167.88,51382.06,6779.3,603.37,9740.77,1019.83,6048.59,5460.5,2875.42,23934.77,30028.98,4511.06,20133.73,1410.16,10757.94,5479.35,1937.11,2539.28,1286.53,81194.29,,37112.46,24597.37
2020-05-19,2114.22,2960.89,1208.53,8667.5,4458.16,11075.29,601.16,17034.54,520.45,858.09,4181.55,1177.24,51950.14,6609.1,605.52,9764.23,,6002.23,5559.5,2898.58,24388.13,30196.17,4548.66,20433.45,1423.97,10790.14,5555.85,1980.61,2581.33,1309.95,80742.35,14885.48,35862.04,24206.86
2020-05-20,2145.72,2994.7,1223.79,8805.67,4496.98,11223.71,610.52,17213.11,531.06,869.19,4223.33,1225.47,52142.75,6683.6,605.89,9790.85,1021.58,6067.16,5573.0,2883.74,24399.95,30818.61,4545.95,20595.15,1435.12,10788.06,5581.96,1989.64,2561.94,1322.2,81319.45,14997.63,36026.98,24575.9
2020-05-21,2099.53,2940.62,,8805.67,4445.45,11065.93,608.34,17087.06,522.81,,4214.95,1206.28,51022.76,6686.1,605.89,,1026.49,6015.25,5550.4,2867.92,24280.03,30932.9,,20552.31,1452.11,10731.55,5604.49,1998.31,2555.34,1320.69,83027.09,14884.85,35560.76,24474.12
2020-05-22,2127.47,2962.73,,8788.25,4444.56,11073.87,609.2,17316.29,524.38,855.75,4241.25,1188.47,50147.21,6697.5,605.41,9688.99,1030.24,5993.28,5497.0,2813.77,22930.14,30672.59,,20388.16,1436.76,10662.63,5539.19,1970.13,2499.83,1303.97,82173.21,14913.64,35784.42,24465.16
2020-05-23,,,,,,,,,,,,,,,,,,,,,,,,,,,,,,,,,,
2020-05-24,,,,,,,,,,,,,,,,,,,,,,,,,,,,,,,,,,
2020-05-25,2152.79,3003.88,1238.79,8879.48,4539.91,11391.28,624.32,17595.9,532.82,874.24,4276.97,1213.41,50074.21,6856.8,618.07,9824.54,,,5615.6,2817.97,22952.24,,,20741.65,,10775.8,,1994.6,,1320.98,85663.48,15075.42,35832.77,
2020-05-26,2214.86,3165.46,1232.39,9083.57,4606.24,11504.65,635.47,17860.46,531.3,886.26,4299.31,1224.99,50602.5,7003.91,623.89,9830.83,,6067.76,5780.0,2846.55,23384.66,30609.3,4626.8,21271.17,,10914.74,5496.83,2029.78,2530.3,1336.09,85468.91,15148.12,36206.86,24995.11
2020-05-27,2250.95,3234.07,1192.37,9244.04,4688.74,11657.69,660.3,17910.25,528.96,888.27,4304.54,1212.2,50495.95,7174.5,626.55,9716.52,1049.53,6144.25,5775.0,2836.8,23301.36,31605.22,4641.56,21419.23,1451.73,11049.19,5523.78,2031.2,2519.48,1345.11,87946.25,15272.03,36889.96,25548.27
2020-05-28,2269.13,3281.9,1233.47,9346.59,4771.39,11781.13,665.04,18351.16,538.62,885.88,4380.64,1241.77,51389.12,7224.1,637.39,9926.03,1053.6,6218.79,5851.1,2846.22,23132.76,32200.59,4716.19,21916.31,1457.5,10856.69,5570.22,2028.54,2515.24,1337.51,86949.09,15262.73,36508.14,25400.64
2020-05-29,2232.3,3202.95,1233.94,9254.18,4695.44,11586.85,652.58,18197.56,532.57,872.22,4330.67,1219.76,50483.0,7096.5,632.92,9831.49,1055.2,6076.6,5755.7,2852.35,22961.47,32424.1,,21877.89,1473.25,10882.41,5838.84,2029.6,2510.75,1342.85,87402.59,15192.83,36122.73,25383.11
2020-05-30,,,,,,,,,,,,,,,,,,,,,,,,,,,,,,,,,,
2020-05-31,,,,,,,,,,,,,,,,,,,,,,,,,,,,,,,,,,
2020-06-01,,3268.03,1233.94,9347.74,4762.78,,658.35,18523.71,539.54,,4425.86,1247.61,50929.59,7221.4,639.87,,1072.66,6166.42,5819.2,2915.43,23732.52,33303.52,,22062.39,1490.14,,5930.17,2065.08,2550.86,1352.37,88620.1,15236.21,36980.85,25475.02
2020-06-02,2308.79,3320.42,1234.33,9432.25,4858.97,12021.28,670.97,18971.09,546.12,892.3,4557.2,1277.85,52496.86,7408.13,647.36,9951.45,1080.97,6220.14,5835.1,2921.4,23995.94,33825.53,4847.51,22325.61,1507.69,11034.17,6025.17,2087.19,2611.63,1374.18,91046.38,15394.36,37460.44,25742.65
2020-06-03,2366.48,3427.24,1235.6,9528.97,5022.38,12487.36,674.07,19641.81,561.3,909.21,4636.33,1301.88,53645.28,7626.4,662.84,10183.77,1091.11,6382.41,5941.6,2923.37,24325.62,34109.54,4941.01,22613.76,1538.53,11118.27,6245.65,2147.0,2700.39,,93002.14,15575.11,38290.77,26269.89
2020-06-04,2388.91,3449.89,1231.49,9545.72,5011.98,12430.56,669.79,19634.03,559.13,910.76,4621.13,1257.31,53204.79,7566.8,660.97,10075.68,1095.37,6341.44,5991.8,2919.25,24366.3,33980.7,4916.7,22695.74,1561.84,11222.8,6517.49,2151.18,2707.2,1411.01,93828.61,15527.87,37872.89,26281.82
2020-06-05,2485.0,3540.0,1231.49,9674.47,5197.79,12847.68,683.46,20187.51,572.8,931.78,4609.19,1285.78,54722.38,7872.6,671.83,10190.37,1100.22,6484.3,5998.7,2930.8,24770.41,34287.24,4947.78,22863.73,1556.33,11171.66,6465.13,2181.87,2751.5,1435.7,94637.06,15854.07,38948.08,27110.98
2020-06-06,,,,,,,,,,,,,,,,,,,,,,,,,,,,,,,,,,
2020-06-07,,,,,,,,,,,,,,,,,,,,,,,,,,,,,,,,,,
2020-06-08,2512.68,3535.11,1224.34,9644.82,5175.52,12819.59,,20231.38,566.2,942.32,4597.93,1288.71,54684.32,7896.1,666.11,10152.77,1096.37,6472.59,,2937.77,24776.77,34370.58,5070.56,23178.1,,11524.16,6514.0,2184.29,2796.97,1438.66,97644.67,15974.91,39954.01,27572.44
2020-06-09,2451.14,3487.33,1229.24,9554.11,5095.11,12617.99,678.68,19930.2,561.75,923.23,4523.08,1284.31,54483.48,7752.3,657.11,10184.82,1092.37,6335.72,6144.9,2956.11,25057.22,33956.69,5035.06,23091.03,1575.16,11298.69,6583.84,2188.92,2794.17,1408.37,96746.55,15833.74,39185.66,27272.3
2020-06-10,2386.8,3442.66,1242.9,9468.4,5053.42,12530.16,662.67,19758.01,559.28,921.23,4483.21,1277.58,53672.63,7663.9,654.67,10147.18,1097.79,6329.13,6148.4,2943.75,25049.73,34247.05,4920.68,23124.95,1575.27,11260.52,6439.37,2195.69,2800.57,1418.77,94685.98,15701.33,38266.19,26989.99
2020-06-11,2270.52,3271.68,1226.03,9108.18,4815.6,11970.29,644.9,18806.86,540.26,890.9,4356.08,1238.11,53295.3,7278.0,624.71,9828.58,1091.55,6076.7,5960.6,2920.9,24480.15,33538.37,4854.75,22472.91,1557.25,11154.93,6476.24,2176.78,2704.21,1396.77,,15050.92,36827.36,25128.17
2020-06-12,2307.56,3296.63,1224.69,9164.88,4839.26,11949.28,646.8,18888.16,545.16,897.72,4359.99,,53639.64,7292.7,624.92,9796.37,1098.35,6105.18,5847.8,2919.74,24301.38,33780.89,4880.36,22305.48,1546.02,10905.94,,2132.3,2684.63,1382.56,92795.27,15256.57,37679.24,25605.54
2020-06-13,,,,,,,,,,,,,,,,,,,,,,,,,,,,,,,,,,
2020-06-14,,,,,,,,,,,,,,,,,,,,,,,,,,,,,,,,,,
2020-06-15,2284.06,3339.35,1220.59,9120.7,4815.72,11911.35,647.98,18969.29,541.92,879.41,4326.78,1221.6,52270.2,7259.3,628.34,9842.56,1095.56,6064.7,5719.8,2890.03,23776.95,33228.8,4816.34,21530.95,1498.83,10864.12,6163.82,2030.82,2613.88,1341.99,92375.52,15359.66,37416.74,25763.16
2020-06-16,2350.8,3447.65,1235.53,9381.15,4952.46,12315.66,676.91,19625.63,560.01,903.72,4432.27,1242.72,52270.2,7495.3,648.46,10034.29,1109.4,6242.79,5942.3,2931.75,24344.09,33605.22,4986.46,22582.21,1517.71,10953.85,6281.75,2138.05,2666.85,1367.13,93531.17,15515.83,37894.05,26289.98
2020-06-17,2340.75,3440.91,1258.53,9335.55,4995.97,12382.14,672.5,19585.89,566.48,896.69,4450.47,1237.93,54027.42,7478.7,652.5,10202.19,1109.4,6253.25,5991.8,2935.87,24481.41,33507.92,4987.78,22455.76,1526.32,11334.31,6282.01,2141.05,2669.62,1376.18,95547.29,15428.69,37897.24,26119.61
2020-06-18,2326.41,3413.96,1247.09,9332.48,4958.75,12281.53,662.39,19485.76,562.61,888.71,4428.24,1230.71,53941.22,7390.2,650.67,10186.5,1124.95,6224.07,5936.5,2939.32,24464.94,34208.05,4925.25,22355.46,1504.91,11225.28,6348.45,2133.48,2665.66,1372.98,96125.24,15479.83,37632.89,26080.1
2020-06-19,2318.6,3376.57,1265.13,9332.48,4979.45,12330.76,668.34,19618.93,567.83,892.17,4461.27,1249.67,54224.4,7414.22,650.67,10266.29,1136.12,6292.6,5942.6,2967.63,24643.89,34731.73,4942.27,22478.79,1507.26,11254.74,6315.07,2141.32,2634.83,1370.82,96572.1,15474.2,38404.63,25871.46
2020-06-20,,,,,,,,,,,,,,,,,,,,,,,,,,,,,,,,,,
2020-06-21,,,,,,,,,,,,,,,,,,,,,,,,,,,,,,,,,,
2020-06-22,2279.5,3383.27,1259.56,9233.06,4948.7,12262.97,670.36,19478.73,565.07,883.34,4414.2,1256.77,54230.17,7345.7,645.57,10151.13,1151.9,6244.62,5944.5,2965.27,24511.34,34911.32,4918.83,22437.27,1511.24,11158.46,6347.43,2126.73,2629.69,1352.18,95335.96,15516.9,38123.56,26024.96
2020-06-23,2309.91,3433.88,1279.83,9353.11,5017.68,12523.76,676.04,19841.58,574.19,890.84,4449.68,1281.18,55474.93,7438.4,653.61,10246.56,1153.39,6320.12,5954.4,2970.62,24907.34,35430.43,4879.13,22549.05,1507.04,11132.58,6297.78,2131.24,2634.92,1356.43,95975.16,15564.75,38217.68,26156.1
2020-06-24,2227.1,3301.53,1257.4,9192.3,4871.36,12093.94,665.01,19162.98,557.33,880.42,4371.92,,54447.73,7195.5,639.16,10021.99,1144.49,6123.69,5965.7,2979.55,24781.58,34868.98,4964.73,22534.32,1502.63,11259.41,6188.83,2161.51,2628.62,1333.43,94377.36,15294.38,37908.38,25445.94
2020-06-25,2249.61,3357.0,1254.1,9218.85,4918.58,12177.87,650.6,19234.75,560.41,877.0,4373.86,1257.18,53914.05,7270.3,643.77,10089.83,1141.39,6147.14,5817.7,,,34842.1,4896.73,22259.79,1489.2,11124.36,6118.26,2112.37,2590.15,1325.88,95983.09,15446.14,37734.52,25745.6
2020-06-26,2232.4,3304.54,1246.65,9207.84,4909.64,12089.39,641.95,19124.36,559.82,869.72,4359.24,1246.74,53648.05,7178.4,644.67,10041.91,1146.68,6159.3,5904.1,,24549.99,35171.27,4904.09,22512.08,1488.14,11129.23,6191.84,2134.65,2604.51,1330.34,93834.49,15188.98,37431.95,25015.55
2020-06-27,,,,,,,,,,,,,,,,,,,,,,,,,,,,,,,,,,
2020-06-28,,,,,,,,,,,,,,,,,,,,,,,,,,,,,,,,,,
2020-06-29,2247.8,3326.33,1243.79,9262.94,4945.46,12232.12,635.86,19447.02,560.16,874.82,4392.67,1239.81,54141.5,7278.1,647.02,10060.46,1158.43,6225.77,5815.0,2961.52,24301.28,34961.52,4901.82,21995.04,1494.43,11252.54,6105.18,2093.48,2574.1,1329.76,95735.35,15389.72,37769.19,25595.8
2020-06-30,2246.72,3328.01,1242.72,9211.29,4935.99,12310.93,638.9,19375.52,559.73,869.08,4390.25,1212.63,54362.36,7231.43,646.58,10045.3,1165.25,6169.74,5897.9,2984.67,24427.19,34915.8,4905.39,22288.14,1500.97,11451.05,6207.72,2108.33,2589.91,1339.03,95055.82,15515.22,37716.43,25812.88
2020-07-01,2254.13,3331.99,1254.6,9137.12,4926.94,12260.57,641.43,19330.88,562.67,877.57,4351.21,,53787.72,7227.4,652.24,10089.67,1153.15,6157.96,5934.4,3025.98,,35414.45,4914.39,22121.73,1514.43,11350.27,6209.71,2106.7,2610.17,1349.44,96203.2,,37619.77,25734.97
2020-07-02,2288.33,3402.46,1273.27,9239.28,5049.38,12608.46,662.0,19886.88,570.75,883.41,4429.03,1248.28,54617.19,7498.6,662.7,10187.56,1169.08,6240.36,6032.7,3090.57,25124.19,35843.7,4966.78,22145.96,1536.28,11502.52,6364.08,2135.37,2636.69,1374.13,96234.96,15622.4,37894.08,25827.36
2020-07-03,2272.78,3393.25,1269.71,9195.36,5007.14,12528.18,658.55,19726.65,568.63,876.38,4405.06,1235.18,54521.9,7403.5,661.29,10125.84,1157.48,6157.3,6057.9,3152.81,25373.12,36021.42,4973.79,22306.48,1552.65,11558.7,6372.66,2152.41,2652.94,1372.27,96764.85,15596.75,37950.0,
2020-07-04,,,,,,,,,,,,,,,,,,,,,,,,,,,,,,,,,,
2020-07-05,,,,,,,,,,,,,,,,,,,,,,,,,,,,,,,,,,
2020-07-06,2343.05,3473.18,1277.87,9358.25,5081.51,12733.45,655.79,20031.86,578.52,884.59,4407.48,1247.14,54846.28,7556.2,673.72,10253.38,1184.85,6285.94,6014.6,3332.88,26339.16,36487.28,4988.87,22714.44,1576.9,11656.21,6328.41,2187.93,2689.61,,98937.16,15669.67,37884.76,26287.03
2020-07-07,2317.36,3462.83,1274.28,9247.39,5043.73,12616.8,644.12,20012.68,575.52,883.88,4452.22,1247.83,55243.8,7447.4,671.21,10207.96,1193.39,6189.9,6012.9,3345.34,25975.66,36674.52,4987.08,22614.69,1566.72,11743.73,6267.4,2164.17,2661.42,1373.22,97761.04,15595.5,37837.39,25890.18
2020-07-08,2289.34,3418.91,1281.74,9170.98,4981.13,12494.81,641.07,19899.53,572.18,884.77,4476.47,1245.54,55870.69,7326.43,668.67,10178.41,1187.13,6156.16,5920.3,3403.44,26129.18,36329.01,5076.17,22438.65,1583.5,11707.27,6285.5,2158.88,2669.49,1362.46,99769.88,15629.19,37483.88,26067.28
2020-07-09,2266.2,3393.61,1285.41,9076.42,4921.01,12489.46,636.84,19505.95,567.38,874.98,4430.35,1234.42,55787.9,7236.9,663.3,10143.38,1157.94,6049.62,5955.5,3450.59,26210.16,36737.69,5052.79,22529.29,1583.25,11440.88,6192.58,2167.9,2652.65,1365.81,99160.33,15568.64,36795.95,25706.09
2020-07-10,2277.94,3442.06,1287.26,9130.66,4970.48,12633.71,632.97,19767.6,570.52,876.26,4464.64,1245.65,55417.89,7321.1,668.09,10229.97,1148.09,6095.41,5919.2,3383.32,25727.41,36594.33,5031.26,22290.81,1591.84,11394.86,6197.38,2150.25,,1350.5,100031.83,15713.82,36465.46,26075.3
2020-07-11,,,,,,,,,,,,,,,,,,,,,,,,,,,,,,,,,,
2020-07-12,,,,,,,,,,,,,,,,,,,,,,,,,,,,,,,,,,
2020-07-13,2301.7,3478.27,1299.44,9322.57,5056.23,12799.97,630.72,20003.25,578.85,895.44,4472.83,1234.5,56199.46,7426.9,679.23,10300.96,1183.99,6176.19,5977.5,3443.29,25772.12,36693.69,5064.45,22784.74,1606.43,11434.79,6172.57,2186.06,2631.08,1342.37,98697.06,15639.41,36389.39,26085.8
2020-07-14,2306.56,3457.77,1280.5,9369.99,5007.46,12697.36,629.24,19879.75,572.51,899.68,4450.1,1216.79,55531.05,7352.0,676.46,10259.5,1177.41,6179.75,5941.1,3414.62,25477.89,36033.06,5079.12,22587.01,1598.75,11494.14,6172.81,2183.61,2620.19,1341.07,100440.23,15908.45,36190.91,26642.59
2020-07-15,2332.35,3500.87,1308.9,9403.45,5108.98,12930.98,637.29,20281.38,577.56,916.79,4419.93,1219.26,55947.05,7487.6,688.41,10460.01,,6292.65,6052.9,3361.3,25481.58,36051.81,5075.8,22945.5,1585.56,11610.52,6016.51,2201.88,2648.9,1354.31,101790.54,16063.33,36590.26,26870.1
2020-07-16,2323.24,3499.3,1304.07,9412.29,5085.28,12874.97,637.55,20356.09,573.94,913.59,4468.22,1219.93,55729.45,7474.7,684.84,10433.43,1188.08,6250.69,6010.9,3210.1,24970.69,36471.68,5098.37,22770.36,1573.31,11505.06,6147.66,2183.76,2623.67,1347.86,100553.27,16024.5,36465.67,26734.71
2020-07-17,2313.3,3491.16,1313.85,9432.17,5069.42,12919.61,641.48,20419.39,573.8,920.17,4479.77,1216.17,55911.8,7440.4,690.35,10410.52,1187.86,6290.3,6033.6,3214.13,25089.17,37020.14,5079.59,22696.42,1596.33,11584.05,6088.75,2201.19,2618.48,1359.58,102888.25,16123.48,36327.84,26671.95
2020-07-18,,,,,,,,,,,,,,,,,,,,,,,,,,,,,,,,,,
2020-07-19,,,,,,,,,,,,,,,,,,,,,,,,,,,,,,,,,,
2020-07-20,2311.6,3526.91,1336.58,9522.12,5093.18,13046.92,653.15,20621.48,579.14,923.96,4533.49,1235.85,56265.36,7478.0,697.23,10470.92,1192.81,6261.52,6001.6,3314.15,25057.99,37418.99,5051.11,22717.48,1589.45,11553.16,6150.7,2198.2,2616.3,1358.29,104426.37,16183.66,36323.69,26680.87
2020-07-21,2338.46,3553.27,1341.52,9561.9,5104.28,13171.83,638.27,20723.42,581.29,935.82,4545.81,1259.72,56422.14,7494.5,693.45,10444.05,1180.42,6269.73,6156.3,3320.89,25635.66,37930.33,5114.71,22884.22,1595.93,11736.73,6136.31,2228.83,2629.45,1377.0,104309.74,16162.96,36881.67,26840.4
2020-07-22,2324.18,3501.65,1331.58,9605.78,5037.12,13104.25,647.76,20598.78,572.9,927.88,4509.75,1255.1,55834.24,7390.1,698.48,10439.04,1180.8,6207.1,6075.1,3333.16,25057.94,37871.52,5110.19,22751.61,1586.98,11722.97,6064.26,2228.66,2594.53,1357.04,104289.57,16171.06,37447.1,27005.84
2020-07-23,2296.87,3492.06,1326.64,9759.96,5033.76,13103.39,640.35,20454.46,576.67,922.26,4538.69,1261.62,56070.7,7384.9,699.36,10383.38,1190.31,6211.44,6094.5,3325.11,25263.0,38140.47,5145.01,,1606.42,11693.41,6029.01,2216.19,2612.35,1359.65,102293.31,16018.65,37433.3,26652.33
2020-07-24,2257.36,3435.43,1304.27,9693.23,4956.43,12838.06,634.32,20075.27,563.95,921.31,4492.3,1255.98,55645.65,7294.7,685.15,10214.21,1192.02,6123.82,6024.0,3196.77,24705.33,38128.9,5082.99,,1589.61,11636.26,6003.26,2200.44,2579.51,1340.92,102381.58,15997.06,37357.46,26469.89
2020-07-25,,,,,,,,,,,,,,,,,,,,,,,,,,,,,,,,,,
2020-07-26,,,,,,,,,,,,,,,,,,,,,,,,,,,,,,,,,,
2020-07-27,2247.47,3407.46,1310.84,9636.17,4939.62,12838.66,626.08,20019.96,564.37,919.29,4452.41,1266.16,56326.2,7170.6,688.45,10272.34,1195.67,6104.88,6044.2,3205.23,24603.26,37934.73,5116.67,22715.85,1591.48,11585.62,5860.94,2217.86,2575.79,,104477.08,16161.33,37742.14,26584.77
2020-07-28,2230.41,3436.7,1312.08,9594.44,4928.94,12835.28,633.62,19902.63,566.33,917.16,4407.4,1257.69,56488.11,7246.4,686.23,10277.2,1152.7,6129.26,6020.5,3227.96,24772.76,38492.95,5112.99,22657.38,1609.94,11578.27,5927.11,2256.99,2582.97,,104109.07,16121.32,37771.21,26379.28
2020-07-29,2208.05,3405.62,1303.53,9571.14,4958.74,12822.26,632.37,19880.57,564.11,919.48,4395.6,1266.01,56707.74,7206.2,690.11,10272.81,1135.55,6131.46,6006.4,3294.55,24883.14,38071.13,5111.11,22397.11,1611.42,11599.44,5966.27,2263.16,2573.45,1338.35,105605.17,16294.66,37720.84,26539.57
2020-07-30,2146.9,3340.48,1296.65,9386.62,4852.94,12379.65,618.86,19228.47,549.2,895.77,4305.42,1232.35,55844.9,6996.6,675.05,10095.34,1126.9,5989.99,6051.1,3286.82,24710.59,37736.07,5149.63,22339.23,1603.75,11692.02,5928.45,2267.01,2529.82,1315.74,105008.7,16299.29,37136.78,26313.65
2020-07-31,2123.55,3273.37,1287.22,9463.69,4783.69,12313.36,617.61,19091.93,545.29,901.74,4295.82,1234.44,55721.8,6877.4,673.57,10005.9,,5897.76,5927.8,3310.01,24595.35,37606.89,,21710.0,,11727.63,,2249.37,,1328.53,102912.24,16169.2,37019.68,26428.32
2020-08-01,,,,,,,,,,,,,,,,,,,,,,,,,,,,,,,,,,
2020-08-02,,,,,,,,,,,,,,,,,,,,,,,,,,,,,,,,,,
2020-08-03,2155.1,3322.99,1305.03,9667.36,4875.93,12646.98,615.07,19379.79,557.73,917.65,4347.85,1257.42,55829.4,6975.0,688.61,10229.67,,6032.85,5926.1,3367.97,24458.13,36939.6,5006.22,22195.38,1572.61,11666.09,5715.92,2251.04,2484.91,1321.23,102829.96,,37546.72,26664.4
2020-08-04,2193.16,3320.71,1289.08,9680.4,4889.52,12600.87,628.5,19613.95,557.94,924.78,4379.78,1260.16,56248.93,7021.6,684.75,10162.04,1087.16,6036.0,6037.6,3371.69,24946.63,37687.91,5075.0,22573.66,1575.94,11771.72,5775.5,2279.97,2515.7,1330.81,101215.87,16368.03,37466.95,26828.47
2020-08-05,2222.03,3330.49,1289.75,9697.16,4933.34,12660.25,637.75,19740.2,563.05,935.28,4403.01,1295.27,57629.36,7039.7,691.27,10097.97,1091.8,6104.72,6001.3,3377.56,25102.54,37663.33,5127.05,22514.85,1568.13,11757.72,5833.58,2311.86,2532.69,1337.35,102801.76,16501.61,37901.96,27201.52
2020-08-06,2193.84,3308.63,1279.88,9670.92,4885.13,12591.68,640.6,19475.15,558.46,935.52,4378.27,1282.44,57656.69,6957.9,690.4,10067.13,1034.4,6026.94,6042.2,3386.46,24930.58,38025.45,5178.27,22418.15,1588.57,11764.59,5902.58,2342.61,2559.1,1333.22,104125.64,16579.1,37998.34,27386.98
2020-08-07,2194.93,3340.1,1296.13,9706.08,4889.52,12674.88,632.63,19516.43,559.57,933.78,4367.31,1271.43,56757.73,6950.5,692.0,10068.03,1060.59,6032.18,6004.8,3354.04,24531.62,38040.57,5143.89,22329.94,1578.14,11646.68,5846.02,2351.67,2545.51,1324.4,102775.55,16544.48,38005.0,27433.48
2020-08-08,,,,,,,,,,,,,,,,,,,,,,,,,,,,,,,,,,
2020-08-09,,,,,,,,,,,,,,,,,,,,,,,,,,,,,,,,,,
2020-08-10,2224.13,3355.27,1290.66,9742.37,4909.51,12687.53,617.33,19651.57,557.08,935.93,4396.49,1267.96,,7053.9,693.05,10090.91,1075.52,6050.59,6110.2,3379.25,24377.43,38182.08,5157.83,,1571.66,11683.44,5930.92,2386.38,,1322.01,103444.48,16605.5,38289.76,27791.44
2020-08-11,2272.39,3433.6,1318.3,9842.03,5027.99,12946.89,626.39,20209.11,565.56,951.69,4434.06,1296.01,57168.24,7263.5,703.11,10153.24,1110.05,6154.34,6138.7,3340.29,24890.68,38407.01,5190.17,22750.24,1564.74,11645.32,5953.94,2418.67,2544.15,1336.84,102174.4,16497.01,38703.59,27686.91
2020-08-12,2287.58,3466.87,1328.36,9929.05,5073.31,13058.63,634.97,20437.36,575.06,957.25,4481.69,1307.12,57417.28,7296.0,703.8,10278.66,1114.18,6280.12,6132.0,3319.27,25244.02,38369.63,5233.45,22843.96,1556.64,11491.91,5995.0,2432.35,2563.2,,102117.79,16575.28,38634.1,27976.84
2020-08-13,2268.74,3447.14,1329.42,9908.51,5042.38,12993.71,637.27,20257.31,569.95,959.02,4479.11,1326.13,57419.46,7250.5,705.37,10260.11,1100.26,6185.62,6091.0,3320.73,25230.67,38310.49,5239.25,23249.61,1576.42,11500.82,6097.78,2437.53,2595.97,1346.69,100460.6,16530.06,38615.62,27896.72
2020-08-14,2246.32,3422.0,1310.24,9823.74,4962.93,12901.34,634.37,20028.11,560.84,950.94,4441.52,1323.8,57077.48,7154.3,693.94,10163.6,1083.83,6090.04,6126.2,3360.1,25183.01,37877.34,5247.69,23289.36,1564.59,11452.14,6076.91,2407.49,2581.32,1327.05,101353.45,16514.61,38949.88,27931.02
2020-08-15,,,,,,,,,,,,,,,,,,,,,,,,,,,,,,,,,,
2020-08-16,,,,,,,,,,,,,,,,,,,,,,,,,,,,,,,,,,
2020-08-17,2224.27,3426.17,1324.53,9934.91,4971.94,12920.66,637.12,19950.32,562.94,950.58,4435.15,1308.71,57435.08,7090.1,701.63,10228.06,1086.2,6127.44,6076.4,3438.8,25347.34,38050.78,,23096.75,1560.74,11672.95,6068.78,,2571.55,1320.91,99595.41,16656.12,39285.85,27844.91
2020-08-18,2212.52,3393.24,1304.93,9901.56,4938.06,12881.76,643.98,19845.61,559.44,944.73,4407.45,1311.52,57025.16,7043.5,695.9,10168.4,1092.46,6076.62,6123.4,3451.09,25367.38,38528.32,5295.17,23051.08,1577.85,11849.13,6156.45,2348.24,2563.09,1330.11,102065.35,16626.06,39087.35,27778.07
2020-08-19,2218.89,3375.6,1315.63,9925.58,4977.23,12977.33,646.27,20055.4,560.23,945.78,4407.71,1316.32,56433.28,7094.3,701.67,10310.01,1124.71,6111.98,6167.6,3408.13,25178.91,38614.79,5272.81,23110.61,1575.38,11751.29,6042.12,2360.54,2561.04,1308.67,100853.72,16577.38,39021.92,27692.88
2020-08-20,2199.91,3337.62,1310.24,9857.52,4911.24,12830.0,636.92,19766.96,552.44,939.34,4358.47,1272.81,55629.98,6993.3,693.85,10229.92,1126.8,6013.34,6120.0,3363.9,24791.39,38220.39,,22880.62,,11662.16,6005.4,2274.22,2527.92,1296.79,101467.87,16606.76,38707.24,27739.73
2020-08-21,2194.9,3302.92,1318.62,9860.24,4896.33,12764.8,633.27,19695.43,551.37,938.56,4344.27,1262.01,55949.92,6982.1,693.58,10218.2,1109.88,6001.89,6111.2,3380.68,25113.84,38434.72,,22920.3,1577.12,11835.94,,2304.59,2528.54,1299.26,101521.29,16517.85,38095.88,27930.33
2020-08-22,,,,,,,,,,,,,,,,,,,,,,,,,,,,,,,,,,
2020-08-23,,,,,,,,,,,,,,,,,,,,,,,,,,,,,,,,,,
2020-08-24,2247.21,3368.99,1323.36,9998.08,5007.89,13066.54,632.56,20113.36,560.99,955.35,4428.79,1281.52,56625.42,7109.1,703.76,10308.39,1108.44,6104.73,6129.6,3385.64,25551.58,38799.08,5277.04,22985.51,1568.58,11921.07,5943.58,2329.83,2538.61,1317.11,102297.95,16626.64,38029.62,28308.46
2020-08-25,2234.56,3369.52,1326.35,10027.32,5008.27,13061.62,629.34,20030.05,559.81,952.23,4381.72,1267.16,56114.23,7108.4,702.87,10231.25,1092.16,6037.01,6161.4,3373.58,25486.22,38843.88,5338.89,23296.77,1554.96,11993.18,5953.44,2366.73,2559.03,1315.99,102117.64,16617.48,38249.9,28248.44
2020-08-26,2248.68,3400.38,1331.79,10135.32,5048.43,13190.15,635.84,20137.29,566.23,949.22,4390.65,1273.24,56572.24,7123.0,709.51,10309.65,1099.02,6045.6,6116.4,3329.74,25491.79,39073.92,5340.33,23290.86,1549.58,12031.51,5931.33,2369.32,2542.08,1322.55,100627.33,16789.97,37753.04,28331.92
2020-08-27,2228.48,3370.25,1326.15,10102.03,5015.97,13096.36,633.09,19847.38,562.41,946.32,4371.39,1264.86,56869.67,7090.7,706.1,10240.46,1108.93,5999.99,6126.2,3350.11,25281.15,39113.47,5371.47,23208.86,1554.78,12053.43,5921.55,2344.45,2519.81,1326.81,100623.64,16731.49,37647.19,28492.27
2020-08-28,2253.26,3378.6,1314.52,10106.48,5002.94,13033.2,634.47,19841.01,556.8,940.86,4342.98,1265.62,56057.1,7133.0,700.75,10164.49,1100.55,5963.57,6073.8,3403.81,25422.06,39467.31,5346.66,22882.65,1525.21,12093.52,5884.18,2353.8,2539.63,1323.31,102142.93,16705.79,37794.25,28653.87
2020-08-29,,,,,,,,,,,,,,,,,,,,,,,,,,,,,,,,,,
2020-08-30,,,,,,,,,,,,,,,,,,,,,,,,,,,,,,,,,,
2020-08-31,2217.05,3332.53,1321.23,10058.03,4947.22,12945.38,633.98,19633.69,549.2,937.0,4301.08,1258.6,55476.11,6969.47,698.47,10135.56,1078.61,,6060.5,3395.68,25177.05,38628.29,5238.49,23139.76,,11937.56,,2326.17,2532.51,1310.66,99369.15,16514.44,36840.73,28430.05
2020-09-01,2219.48,3314.23,1310.48,10040.07,4938.1,12974.25,639.6,19595.02,552.22,936.62,4307.12,1274.5,55927.69,6956.89,700.01,10188.85,1085.19,5862.05,5953.4,3410.61,25184.85,38900.8,5310.68,23138.07,1521.43,11793.16,5799.24,2349.55,2538.55,1305.57,102167.65,16644.99,37487.99,28645.66
2020-09-02,2216.09,3358.68,1327.14,10108.5,5031.74,13243.43,644.2,19858.21,561.27,932.73,4329.33,1234.82,55861.88,6996.85,705.44,10384.84,1083.91,5940.95,6063.2,3404.8,25120.09,39086.03,5311.97,23247.15,1537.54,11902.98,5738.39,2364.37,2539.94,1315.88,101911.13,16697.97,37053.77,29100.5
2020-09-03,2215.17,3327.19,1316.3,9957.14,5009.52,13057.77,646.08,19551.48,549.6,928.87,4324.0,1223.21,54522.35,7006.02,695.92,10220.64,1076.34,5850.86,6112.6,3384.98,25007.6,38990.94,5280.81,23465.53,1515.4,12055.05,5772.86,2395.9,2531.79,1311.95,100721.36,16448.89,36429.66,28292.73
2020-09-04,2217.29,3310.69,1287.66,9915.43,4965.07,12842.66,639.29,19391.25,540.27,920.97,4248.32,1220.01,53878.95,6989.71,692.49,10153.09,1086.32,5799.08,5925.5,3355.37,24695.45,38357.18,5239.85,23205.43,1515.86,11824.31,5785.09,2368.25,2509.64,1311.95,101241.73,16218.01,36448.5,28133.31
2020-09-05,,,,,,,,,,,,,,,,,,,,,,,,,,,,,,,,,,
2020-09-06,,,,,,,,,,,,,,,,,,,,,,,,,,,,,,,,,,
2020-09-07,2251.66,3359.38,1310.55,10033.13,5053.72,13100.28,641.33,19738.01,547.14,930.07,4308.44,1218.52,54400.28,7080.66,707.81,10297.8,1096.81,5937.4,5944.8,3292.59,24589.65,38417.23,5230.2,23089.95,1516.38,11859.45,5935.85,2384.22,2511.21,,,,36637.45,
2020-09-08,2217.79,3303.23,1290.46,9927.68,4973.52,12968.33,627.56,19380.18,540.79,914.77,4260.88,1189.47,54438.82,6955.0,702.26,10250.44,1089.6,5930.3,6007.8,3316.42,24624.34,38365.35,5244.07,23274.13,1519.32,11895.63,6034.03,2401.91,2504.76,1293.8,100050.43,16099.52,36071.43,27500.89
2020-09-09,2252.36,3362.4,1321.83,10090.4,5042.98,13237.21,631.74,19771.32,552.05,932.48,4354.05,1201.34,55211.34,7020.9,713.42,10406.57,1099.68,6012.84,5878.6,3254.63,24468.93,38193.92,5149.38,23032.54,1496.72,11739.11,5932.84,2375.81,2499.33,1293.4,101292.05,16383.6,36157.96,27940.47
2020-09-10,2245.48,3355.85,1314.52,10060.38,5023.93,13208.89,637.95,19820.22,550.5,930.97,4326.02,1216.59,55953.96,6999.2,710.87,10387.44,1099.06,6003.32,5908.5,3234.82,24313.54,38840.32,4891.46,23235.47,1490.12,11811.78,5902.39,2396.48,2492.09,1290.89,98834.59,16185.32,36180.74,27534.58
2020-09-11,2232.62,3351.24,1315.16,10028.03,5034.14,13202.84,636.03,19820.75,552.01,933.97,4311.59,1223.05,56087.84,6943.2,712.07,10439.52,1102.7,6032.09,5859.4,3260.35,24503.31,38854.55,5016.71,23406.49,1504.85,11748.03,5967.96,2396.69,2490.09,1279.96,98363.22,16222.46,36334.89,27665.64
2020-09-12,,,,,,,,,,,,,,,,,,,,,,,,,,,,,,,,,,
2020-09-13,,,,,,,,,,,,,,,,,,,,,,,,,,,,,,,,,,
2020-09-14,2238.04,3353.62,1314.5,10022.42,5051.88,13193.66,661.13,19793.8,552.44,931.48,4285.97,1228.48,56327.05,6951.1,712.95,10457.43,1107.29,6026.25,5899.5,3278.81,24640.28,38756.63,5161.83,23559.3,1511.36,11790.54,5997.14,2427.91,2482.55,1272.34,100274.52,16360.14,36881.99,27993.33
2020-09-15,2236.85,3363.15,1330.96,10091.88,5067.93,13217.67,663.61,19956.95,555.95,941.49,4284.16,1253.68,56130.78,7036.0,720.1,10520.0,1111.24,6105.54,5894.8,3295.68,24732.76,39044.35,5100.86,23454.89,1531.28,11770.75,6018.21,2443.58,2485.83,1286.18,100297.91,16431.27,36729.15,27995.6
2020-09-16,2258.83,3392.9,1340.12,10214.56,5074.42,13255.37,661.19,19963.99,558.43,944.29,4293.62,1251.86,55960.74,7110.8,727.53,10552.04,1107.11,6078.48,5956.1,3283.92,24725.63,39302.85,5058.48,23475.53,,11814.71,5946.62,2435.92,2505.15,1293.48,99675.68,16295.66,,28032.38
2020-09-17,2242.95,3390.18,1345.88,10227.9,5039.5,13208.12,663.25,19739.73,552.48,947.91,4286.76,1243.29,55035.6,7086.2,727.08,10519.33,1110.66,6049.92,5883.2,3270.43,24340.85,38979.85,5038.4,23319.37,1513.07,11777.13,5943.52,2406.17,2500.78,1284.4,100097.83,16246.72,36130.92,27901.98
2020-09-18,2206.24,3375.86,1345.45,10231.31,4978.18,13116.25,658.54,19524.94,550.85,948.32,4252.43,1228.64,54673.65,6929.76,729.0,10539.17,1111.96,6007.05,5864.5,3338.09,24455.41,38845.82,5059.22,23360.3,1506.63,11633.52,5908.9,2412.4,2497.71,1288.39,98289.71,16198.97,36017.35,27657.42
2020-09-19,,,,,,,,,,,,,,,,,,,,,,,,,,,,,,,,,,
2020-09-20,,,,,,,,,,,,,,,,,,,,,,,,,,,,,,,,,,
2020-09-21,2125.31,3234.31,1331.0,9900.24,4792.04,12542.44,630.32,18793.35,536.01,915.5,4158.14,1181.24,53319.08,6692.3,705.23,10325.44,1087.03,5804.29,5822.6,3316.94,23950.69,38034.14,4999.36,,1499.43,11539.1,5909.32,2389.39,2485.71,1275.16,96990.72,15981.77,35517.77,27147.7
2020-09-22,2130.22,3220.88,1335.99,10015.19,4772.84,12594.39,624.62,18895.59,540.78,927.05,4121.94,1193.06,53265.33,6648.6,708.58,10355.57,1096.16,5829.46,5784.1,3274.3,23716.85,37734.08,4934.09,,1505.78,11609.22,5894.28,2332.59,2463.29,1267.63,97293.54,16142.89,35853.58,27288.18
2020-09-23,2111.7,3215.63,1347.03,10014.61,4802.26,12642.97,622.34,18929.89,545.68,928.29,4087.51,1195.77,54247.81,6654.2,712.36,10330.06,1102.65,5899.26,5923.9,3279.71,23742.51,37668.42,4917.95,23346.49,1496.48,11704.62,5892.72,2333.24,2481.14,1264.01,95734.82,15817.11,35829.58,26763.13
2020-09-24,2102.42,3172.6,1329.22,9919.95,4762.62,12606.57,619.96,18906.83,541.11,918.64,4049.52,1188.98,54247.81,6643.4,707.75,10211.53,1119.56,5822.78,5875.9,3223.18,23311.07,36553.6,4842.76,23087.82,1500.8,11689.89,5845.8,2272.7,2450.82,1247.46,97012.07,15912.26,36217.49,26815.44
2020-09-25,2083.02,3163.67,1335.42,9844.2,4729.66,12469.2,617.9,18698.36,540.91,917.42,3995.6,1164.68,53587.11,6628.3,711.05,10216.28,1124.17,5842.67,5964.9,3219.42,23235.42,37388.66,4945.79,23204.62,1509.14,11797.08,5838.66,2278.79,2472.28,1244.94,96999.38,16065.35,36583.71,27173.96
2020-09-26,,,,,,,,,,,,,,,,,,,,,,,,,,,,,,,,,,
2020-09-27,,,,,,,,,,,,,,,,,,,,,,,,,,,,,,,,,,
2020-09-28,2124.06,3260.42,1353.63,10039.21,4843.27,12870.87,625.2,19160.1,551.67,929.84,4088.54,1166.86,54718.8,6791.5,728.65,10308.67,1121.17,5927.93,5952.3,3217.53,23476.05,37981.63,4906.55,23511.62,1511.66,11802.29,5861.39,2308.08,2483.01,1263.02,94666.37,16242.81,37231.5,27584.06
2020-09-29,2096.03,3234.9,1366.96,10013.96,4832.07,12825.82,623.36,19061.18,548.92,926.43,4033.26,1155.67,54506.88,6713.6,730.14,10229.3,1123.25,5897.5,5952.1,3224.36,23275.53,37973.22,4879.1,23539.1,1503.9,11742.09,5841.6,2327.89,2471.61,1257.34,93580.35,16211.52,37134.92,27452.66
2020-09-30,2108.75,3235.44,1360.25,9998.5,4803.44,12760.73,624.75,19015.27,547.7,929.85,4067.02,1178.51,54264.96,6716.6,728.7,10187.0,1145.24,5866.1,5815.9,3218.05,23459.05,38067.93,4870.04,23185.12,1504.82,11747.28,5864.23,,2466.62,1237.04,94603.38,16121.38,37458.69,27781.7
2020-10-01,2090.27,3236.79,1373.22,10091.47,4824.04,12730.77,631.51,19061.5,550.54,925.15,4106.16,1174.49,54446.78,6730.7,730.33,10238.12,1143.51,5879.45,5872.9,,,38697.05,4970.09,23184.93,1496.77,11812.73,5944.87,,2500.74,1247.59,95478.52,16184.54,36626.11,27816.9
2020-10-02,2100.79,3248.23,1365.53,10080.16,4824.89,12689.04,625.67,19064.31,553.12,925.37,4086.96,1148.07,54219.24,6754.5,725.75,10252.4,1145.03,5902.12,5791.5,,,,4926.73,23029.9,1500.3,11822.84,5999.4,,2496.11,1237.54,94015.68,16199.25,36642.38,27682.81
2020-10-03,,,,,,,,,,,,,,,,,,,,,,,,,,,,,,,,,,
2020-10-04,,,,,,,,,,,,,,,,,,,,,,,,,,,,,,,,,,
2020-10-05,2141.1,3293.89,1384.47,10214.78,4871.87,12828.31,633.43,19265.51,557.92,943.02,4135.98,1157.86,54524.05,6837.9,735.21,10303.06,1160.71,5942.94,5941.6,,23767.78,38973.7,4958.77,23312.14,1512.43,11898.26,5938.95,2358.0,2517.23,1242.99,96089.19,16410.19,36740.33,28148.64
2020-10-06,2175.1,3341.32,1373.63,10191.02,4895.46,12906.02,644.35,19429.81,555.38,952.86,4182.97,1168.56,54203.83,6936.2,735.44,10233.16,1153.71,5949.94,5962.1,,23980.65,39574.57,4999.22,23433.73,1509.47,11975.02,5910.64,2365.9,2529.26,1250.15,95615.03,16236.13,36947.87,27772.76
2020-10-07,2173.79,3325.72,1376.09,10174.25,4882.0,12928.57,641.99,19435.08,554.6,945.74,4179.01,1143.95,54749.77,6910.1,736.07,10187.88,1152.41,5946.25,6036.4,,24242.86,39878.95,5004.33,23422.82,1489.56,12016.15,5867.88,2386.94,2538.36,1263.71,95526.26,16428.3,37418.79,28303.46
2020-10-08,2212.62,3369.84,1388.66,10213.83,4911.94,13042.21,648.56,19582.43,559.94,953.56,4222.44,1158.82,54554.85,6992.8,737.85,10270.24,1150.49,5978.03,6102.0,,24193.35,40182.67,5039.14,23647.07,1519.43,12235.92,5942.66,2391.96,2543.11,1274.83,97919.73,16534.54,38404.05,28425.51
2020-10-09,2214.62,3387.35,1409.83,10306.93,4946.81,13051.23,651.47,19595.38,567.17,952.04,4181.73,1164.34,55182.99,6950.9,738.49,10320.03,1165.7,6016.65,6102.2,3272.08,24119.13,40509.49,5053.66,23619.69,1530.35,12280.54,5931.61,,2532.96,1267.14,97483.31,16562.81,38478.58,28586.9
2020-10-10,,,,,,,,,,,,,,,,,,,,,,,,,,,,,,,,,,
2020-10-11,,,,,,,,,,,,,,,,,,,,,,,,,,,,,,,,,,
2020-10-12,2218.87,3385.36,1439.27,10409.28,4979.29,13138.41,637.39,19718.77,572.31,951.7,4247.14,1162.91,55552.35,6951.0,743.82,10364.1,1178.35,6001.38,6132.0,3358.47,24649.68,40593.8,5093.1,23558.69,1518.43,12356.89,5937.05,2403.73,2552.42,1273.43,,,38342.09,28837.52
2020-10-13,2193.72,3320.47,1440.57,10350.47,4947.61,13018.99,636.32,19558.69,572.47,950.31,4285.52,1156.11,55054.53,6875.2,737.38,10336.36,1174.7,5969.71,6195.7,3359.75,,40625.51,5132.57,23601.78,1525.2,12453.85,5923.23,2403.15,2567.65,,98502.82,16510.83,38131.78,28679.81
2020-10-14,2210.23,3316.16,1435.11,10419.29,4941.66,13028.06,632.81,19607.73,571.98,953.61,4300.3,1160.3,55394.23,6916.6,739.9,10292.66,1189.29,5935.06,6179.2,3340.78,24667.09,40794.74,5176.1,23626.73,1523.25,12543.61,5925.3,2380.48,2555.59,1263.99,99334.43,16455.4,38025.72,28514.0
2020-10-15,2176.91,3242.06,1408.78,10281.92,4837.42,12703.75,619.26,19065.44,560.47,937.84,4194.82,1132.29,54843.96,6816.8,728.57,10067.96,1180.43,5832.52,6210.3,3332.18,24158.54,39728.41,5105.15,23507.23,1513.95,12486.73,5938.33,2361.21,2523.62,1242.96,99054.06,16501.03,38059.23,28494.2
2020-10-16,2195.32,3264.6,1417.89,10374.13,4935.86,12908.99,620.18,19389.68,568.18,947.55,4228.02,1132.8,55047.26,6849.67,735.09,10207.13,1192.73,5919.58,6176.8,3336.36,24386.79,39982.98,5103.41,23410.63,1503.84,12433.16,5898.47,2341.53,2533.02,1233.68,98309.12,16438.75,37876.49,28606.31
2020-10-17,,,,,,,,,,,,,,,,,,,,,,,,,,,,,,,,,,
2020-10-18,,,,,,,,,,,,,,,,,,,,,,,,,,,,,,,,,,
2020-10-19,2193.15,3262.38,1410.26,10393.69,4929.27,12854.66,618.13,19374.21,567.52,947.26,4214.1,1135.12,55161.03,6860.2,736.83,10184.36,1205.37,5884.65,6229.4,3312.67,24542.26,40431.6,5126.33,23671.13,1518.11,12385.25,6019.26,2346.74,2543.57,1208.75,98657.65,16274.07,37655.45,28195.42
2020-10-20,2194.11,3260.09,1408.29,10360.95,4929.28,12736.95,623.27,19482.13,564.0,940.5,4171.15,1140.69,55271.75,6927.3,734.78,10146.23,1210.41,5889.22,6184.6,3328.1,24569.54,40544.37,5099.84,23567.04,1510.97,12462.05,6112.71,2358.41,2528.64,1210.67,100539.83,16273.26,38201.81,28308.79
2020-10-21,2175.04,3201.24,1387.26,10247.86,4853.95,12557.64,619.98,19085.95,557.4,923.41,4139.48,1143.42,55345.49,6811.49,724.4,9989.75,1211.52,5776.5,6191.8,3325.02,24754.42,40707.31,5096.45,23639.46,1492.4,12432.61,6278.59,2370.86,2525.61,1216.48,100552.44,16230.23,38669.25,28210.82
2020-10-22,2166.41,3202.19,1375.53,10208.63,4851.38,12543.06,608.9,19076.95,554.2,913.56,4118.13,1155.24,54796.42,6796.6,724.14,9999.05,1198.32,5785.65,6173.8,3312.5,24786.13,40558.49,5091.82,23474.27,1498.8,12407.29,6344.63,2355.05,2528.41,1213.61,101917.73,16279.36,38652.19,28363.66
2020-10-23,2193.74,3246.45,1378.47,10245.82,4909.64,12645.75,612.32,19285.41,554.34,925.5,4139.4,1164.06,55339.58,6893.4,724.77,10023.9,1190.63,5860.28,6167.0,3278.0,24918.78,40685.5,5112.19,23516.59,1494.64,12470.34,6484.06,2360.81,2537.39,,101259.75,16304.08,38707.72,28335.57
2020-10-24,,,,,,,,,,,,,,,,,,,,,,,,,,,,,,,,,,
2020-10-25,,,,,,,,,,,,,,,,,,,,,,,,,,,,,,,,,,
2020-10-26,,3210.16,1355.31,10052.81,4816.12,12177.18,595.97,18945.14,545.95,897.33,4051.69,1152.33,54890.88,6796.9,703.73,9985.62,1144.45,5792.01,6155.6,3251.12,,40145.5,5144.05,23494.34,1494.61,,6491.19,2343.91,2523.31,1207.97,101016.96,16079.55,38245.86,27685.38
2020-10-27,2114.13,3153.02,1349.7,9910.55,4730.66,12063.57,595.16,18654.95,545.65,889.41,3977.43,1131.36,54079.43,6651.3,700.39,9887.49,1152.63,5728.99,6051.0,3254.32,24787.19,40522.1,5128.23,23485.8,1500.35,12251.91,6415.08,2330.84,2512.87,1208.95,99605.54,16020.94,38001.31,27463.19
2020-10-28,2053.38,3047.79,1317.97,9630.06,4571.12,11560.51,,17897.79,534.09,862.01,3888.82,1078.29,52308.14,6474.4,681.08,9618.65,1126.99,5582.8,6057.7,3269.24,24708.8,39922.46,,23418.51,1495.2,12264.52,6377.79,2345.26,2483.48,1207.94,95368.76,15586.57,37393.71,26519.95
2020-10-29,2034.19,3036.59,1340.77,9485.65,4569.67,11598.07,564.93,17872.28,534.43,872.95,3863.2,1078.96,51896.97,6411.8,679.56,9556.14,,5581.75,5960.3,3272.73,24586.6,39749.85,,23331.94,,12201.8,6249.39,2326.67,2450.68,1201.64,96582.16,15670.7,36801.37,26659.11
2020-10-30,2054.96,3043.36,1323.91,9575.23,4594.24,11556.48,569.5,17943.11,533.88,874.42,3945.12,1066.6,51684.7,6452.2,683.51,9587.15,1112.37,5577.27,5927.6,3224.53,24107.42,39614.07,,22977.13,1466.89,12084.47,6324.0,2267.15,2423.84,1194.95,93952.4,15580.64,36987.86,26501.6
2020-10-31,,,,,,,,,,,,,,,,,,,,,,,,,,,,,,,,,,
2020-11-01,,,,,,,,,,,,,,,,,,,,,,,,,,,,,,,,,,
2020-11-02,2083.88,3077.58,1335.78,9656.85,4691.14,11788.28,572.88,18400.03,543.91,887.97,4019.19,1069.33,52618.04,6585.6,692.93,9791.68,1133.59,5654.97,5951.3,3225.12,24460.01,39757.58,5115.13,23295.48,1466.46,12070.83,,2300.16,2443.13,1202.16,,15696.87,,26925.05
2020-11-03,2144.63,3154.13,1347.41,9911.88,4805.61,12088.98,584.48,18986.24,554.48,893.65,4049.65,1108.15,53187.81,6751.6,703.99,10003.82,1150.71,5786.77,6066.4,3271.07,24939.73,40261.13,5159.45,,1461.45,12130.31,6335.56,2343.31,2497.22,1221.33,95979.71,15939.15,37466.09,27480.03
2020-11-04,2146.51,3205.12,1394.89,10010.92,4922.85,12324.22,588.24,19358.28,565.26,905.51,4067.95,,53656.21,6781.9,719.1,10286.79,1167.65,5883.26,6062.1,3277.44,24886.14,40616.14,5105.2,23695.23,1464.61,12199.93,6464.05,2357.32,2515.98,1222.44,97866.81,15998.74,37475.76,27847.66
2020-11-05,2175.83,3209.01,1427.51,10110.68,4983.99,12568.09,590.16,19731.38,571.6,909.72,4105.5,1170.74,55225.24,6924.2,729.37,10306.35,1180.02,5906.18,6139.6,3320.13,25695.92,41340.16,5260.33,24105.28,1501.49,12249.98,6644.77,2413.79,2588.62,1264.32,100751.4,16298.17,38399.07,28390.18
2020-11-06,2153.23,3191.33,1418.01,10083.67,4960.88,12480.02,588.1,19681.68,572.9,908.85,4040.86,1178.28,56387.04,6870.4,728.53,10322.57,1191.96,5910.02,6190.2,3312.16,25712.97,41893.06,5335.53,24325.23,1519.64,12337.02,6685.69,2416.5,2578.68,1260.08,100925.11,16282.83,38530.5,28323.4
2020-11-07,,,,,,,,,,,,,,,,,,,,,,,,,,,,,,,,,,
2020-11-08,,,,,,,,,,,,,,,,,,,,,,,,,,,,,,,,,,
2020-11-09,2316.97,3394.66,1390.66,10443.85,5336.32,13095.97,655.5,20750.18,593.93,950.68,4222.68,1236.3,57307.49,7459.4,747.23,10417.99,1231.54,6186.29,6298.8,3373.73,26016.17,42597.43,5356.01,24839.84,1524.32,12562.2,6685.85,2447.2,2609.36,1285.88,103515.16,16475.86,39652.52,29157.97
2020-11-10,,,,,,,,,,,,1232.87,,,,,,,6340.5,3360.15,,,,,,12612.39,,,,,,,,
2020-11-11,,,,,,,,,,,,1233.81,,,,,,,,3342.2,,,,,,,,,,,,,,
2020-11-12,,,,,,,,,,,,1238.45,,,,,,,,3338.68,,,,,,,,,,,,,,
2020-11-13,,,,,,,,,,,,1227.78,,,,,,,,3310.1,,,,,,,,,,,,,,
2020-11-14,,,,,,,,,,,,,,,,,,,,,,,,,,,,,,,,,,
